iter	MAE
0	2.96708332
1	2.907975426
2	2.802825682
3	2.71606613
4	2.621994959
5	2.543301053
6	2.477060714
7	2.425003483
8	2.380851653
9	2.334720572
10	2.301216092
11	2.267762218
12	2.239615228
13	2.216421499
14	2.198122576
15	2.180481674
16	2.162830932
17	2.148852444
18	2.137246547
19	2.126883623
20	2.117090792
21	2.109523787
22	2.102362429
23	2.09632655
24	2.090226009
25	2.086345238
26	2.08068344
27	2.076193332
28	2.072357634
29	2.069056081
